{
  "model/models.js": 1729512013757,
  "controller/App.controller.js": 1729512013757,
  "utils/locate-reuse-libs.js": 1729512013757,
  "i18n/i18n.properties": 1729512013757,
  "controller/View1.controller.js": 1729512013757,
  "manifest.json": 1729518787744,
  "Component.js": 1729512013757,
  "Component-preload.js": 1729518787986,
  "controller/View1-dbg.controller.js": 1729512013757,
  "model/models-dbg.js": 1729512013757,
  "utils/locate-reuse-libs-dbg.js": 1729512013757,
  "controller/App-dbg.controller.js": 1729512013757,
  "Component-dbg.js": 1729512013757,
  "view/View1.view.xml": 1729512013757,
  "view/App.view.xml": 1729512013757,
  "css/style.css": 1729512013757,
  "index.html": 1729512013757
}