{
  "controller/App.controller.js": 1672768736296,
  "controller/View1.controller.js": 1672770563839,
  "utils/locate-reuse-libs.js": 1672768736292,
  "model/models.js": 1672768736292,
  "manifest.json": 1672772591714,
  "i18n/i18n.properties": 1672768748936,
  "Component.js": 1672768736284,
  "Component-preload.js": 1672772592178,
  "Component-dbg.js": 1672768736284,
  "model/models-dbg.js": 1672768736292,
  "controller/View1-dbg.controller.js": 1672770563839,
  "controller/App-dbg.controller.js": 1672768736296,
  "utils/locate-reuse-libs-dbg.js": 1672768736292,
  "view/View1.view.xml": 1672770025438,
  "view/App.view.xml": 1672768736300,
  "css/style.css": 1672768736296,
  "index.html": 1672768736284
}